<?xml version="1.0" encoding="UTF-8"?>
<export version="D">
  <design>
    <source>/home/joseph/Documents/elec-remote/elec-remote.sch</source>
    <date>Thu Mar 25 23:26:05 2021</date>
    <tool>Eeschema 5.1.9-73d0e3b20d~88~ubuntu20.04.1</tool>
    <sheet number="1" name="/" tstamps="/">
      <title_block>
        <title/>
        <company/>
        <rev/>
        <date/>
        <source>elec-remote.sch</source>
        <comment number="1" value=""/>
        <comment number="2" value=""/>
        <comment number="3" value=""/>
        <comment number="4" value=""/>
      </title_block>
    </sheet>
  </design>
  <components>
    <comp ref="U2">
      <value>MPU-6050</value>
      <footprint>Sensor_Motion:InvenSense_QFN-24_4x4mm_P0.5mm</footprint>
      <datasheet>https://store.invensense.com/datasheets/invensense/MPU-6050_DataSheet_V3%204.pdf</datasheet>
      <libsource lib="Sensor_Motion" part="MPU-6050" description="InvenSense 6-Axis Motion Sensor, Gyroscope, Accelerometer, I2C"/>
      <sheetpath names="/" tstamps="/"/>
      <tstamp>6049D17D</tstamp>
    </comp>
    <comp ref="BATT1">
      <value>BATT</value>
      <footprint>Connector_Molex:Molex_KK-254_AE-6410-02A_1x02_P2.54mm_Vertical</footprint>
      <datasheet>~</datasheet>
      <libsource lib="Connector_Generic" part="Conn_01x02" description="Generic connector, single row, 01x02, script generated (kicad-library-utils/schlib/autogen/connector/)"/>
      <sheetpath names="/" tstamps="/"/>
      <tstamp>604A8006</tstamp>
    </comp>
    <comp ref="F2">
      <value>Fuse</value>
      <footprint>Fuse:Fuse_1210_3225Metric</footprint>
      <datasheet>~</datasheet>
      <libsource lib="Device" part="Fuse" description="Fuse"/>
      <sheetpath names="/" tstamps="/"/>
      <tstamp>604AC8AE</tstamp>
    </comp>
    <comp ref="J2">
      <value>USB_B_Micro</value>
      <footprint>Connector_USB:USB_Micro-B_Molex-105017-0001</footprint>
      <datasheet>~</datasheet>
      <libsource lib="Connector" part="USB_B_Micro" description="USB Micro Type B connector"/>
      <sheetpath names="/" tstamps="/"/>
      <tstamp>604DB487</tstamp>
    </comp>
    <comp ref="F1">
      <value>Fuse</value>
      <footprint>Fuse:Fuse_1210_3225Metric</footprint>
      <datasheet>~</datasheet>
      <libsource lib="Device" part="Fuse" description="Fuse"/>
      <sheetpath names="/" tstamps="/"/>
      <tstamp>604E04F9</tstamp>
    </comp>
    <comp ref="R21">
      <value>4k7</value>
      <footprint>Resistor_SMD:R_0805_2012Metric</footprint>
      <datasheet>~</datasheet>
      <libsource lib="Device" part="R" description="Resistor"/>
      <sheetpath names="/" tstamps="/"/>
      <tstamp>604C47A4</tstamp>
    </comp>
    <comp ref="D6">
      <value>LED</value>
      <footprint>LED_SMD:LED_0805_2012Metric</footprint>
      <datasheet>~</datasheet>
      <libsource lib="Device" part="LED" description="Light emitting diode"/>
      <sheetpath names="/" tstamps="/"/>
      <tstamp>604C2829</tstamp>
    </comp>
    <comp ref="C18">
      <value>1u</value>
      <footprint>Capacitor_SMD:C_0805_2012Metric</footprint>
      <datasheet>~</datasheet>
      <libsource lib="Device" part="C" description="Unpolarized capacitor"/>
      <sheetpath names="/" tstamps="/"/>
      <tstamp>604AA035</tstamp>
    </comp>
    <comp ref="R20">
      <value>2k</value>
      <footprint>Resistor_SMD:R_0805_2012Metric</footprint>
      <datasheet>~</datasheet>
      <libsource lib="Device" part="R" description="Resistor"/>
      <sheetpath names="/" tstamps="/"/>
      <tstamp>604A54BC</tstamp>
    </comp>
    <comp ref="U4">
      <value>MCP73831-2-OT</value>
      <footprint>Package_TO_SOT_SMD:SOT-23-5</footprint>
      <datasheet>http://ww1.microchip.com/downloads/en/DeviceDoc/20001984g.pdf</datasheet>
      <libsource lib="Battery_Management" part="MCP73831-2-OT" description="Single cell, Li-Ion/Li-Po charge management controller, 4.20V, Tri-State Status Output, in SOT23-5 package"/>
      <sheetpath names="/" tstamps="/"/>
      <tstamp>604B9E36</tstamp>
    </comp>
    <comp ref="R22">
      <value>4k7</value>
      <footprint>Resistor_SMD:R_0805_2012Metric</footprint>
      <datasheet>~</datasheet>
      <libsource lib="Device" part="R" description="Resistor"/>
      <sheetpath names="/" tstamps="/"/>
      <tstamp>604D7D58</tstamp>
    </comp>
    <comp ref="D7">
      <value>LED</value>
      <footprint>LED_SMD:LED_0805_2012Metric</footprint>
      <datasheet>~</datasheet>
      <libsource lib="Device" part="LED" description="Light emitting diode"/>
      <sheetpath names="/" tstamps="/"/>
      <tstamp>604D8332</tstamp>
    </comp>
    <comp ref="C1">
      <value>100n</value>
      <footprint>Capacitor_SMD:C_0805_2012Metric</footprint>
      <datasheet>~</datasheet>
      <libsource lib="Device" part="C" description="Unpolarized capacitor"/>
      <sheetpath names="/" tstamps="/"/>
      <tstamp>605380B8</tstamp>
    </comp>
    <comp ref="C3">
      <value>1u</value>
      <footprint>Capacitor_SMD:C_0805_2012Metric</footprint>
      <datasheet>~</datasheet>
      <libsource lib="Device" part="C" description="Unpolarized capacitor"/>
      <sheetpath names="/" tstamps="/"/>
      <tstamp>605410C6</tstamp>
    </comp>
    <comp ref="C2">
      <value>100n</value>
      <footprint>Capacitor_SMD:C_0805_2012Metric</footprint>
      <datasheet>~</datasheet>
      <libsource lib="Device" part="C" description="Unpolarized capacitor"/>
      <sheetpath names="/" tstamps="/"/>
      <tstamp>605548CB</tstamp>
    </comp>
    <comp ref="R3">
      <value>4k7</value>
      <footprint>Resistor_SMD:R_0805_2012Metric</footprint>
      <datasheet>~</datasheet>
      <libsource lib="Device" part="R" description="Resistor"/>
      <sheetpath names="/" tstamps="/"/>
      <tstamp>605586CB</tstamp>
    </comp>
    <comp ref="RESET1">
      <value>SW_Push</value>
      <footprint>Button_Switch_SMD:SW_SPST_FSMSM</footprint>
      <datasheet>~</datasheet>
      <libsource lib="Switch" part="SW_Push" description="Push button switch, generic, two pins"/>
      <sheetpath names="/" tstamps="/"/>
      <tstamp>6055B706</tstamp>
    </comp>
    <comp ref="R25">
      <value>4k7</value>
      <footprint>Resistor_SMD:R_0805_2012Metric</footprint>
      <datasheet>~</datasheet>
      <libsource lib="Device" part="R" description="Resistor"/>
      <sheetpath names="/" tstamps="/"/>
      <tstamp>605709B4</tstamp>
    </comp>
    <comp ref="R26">
      <value>4k7</value>
      <footprint>Resistor_SMD:R_0805_2012Metric</footprint>
      <datasheet>~</datasheet>
      <libsource lib="Device" part="R" description="Resistor"/>
      <sheetpath names="/" tstamps="/"/>
      <tstamp>605710F1</tstamp>
    </comp>
    <comp ref="U3">
      <value>STM8S003F3P</value>
      <footprint>Package_SO:TSSOP-20_4.4x6.5mm_P0.65mm</footprint>
      <datasheet>http://www.st.com/st-web-ui/static/active/en/resource/technical/document/datasheet/DM00024550.pdf</datasheet>
      <libsource lib="MCU_ST_STM8" part="STM8S003F3P" description="16MHz, 8K Flash, 1k RAM, 128 EEPROM, USART, I2C, SPI, TSSOP20"/>
      <sheetpath names="/" tstamps="/"/>
      <tstamp>605A063F</tstamp>
    </comp>
    <comp ref="R6">
      <value>4k7</value>
      <footprint>Resistor_SMD:R_0805_2012Metric</footprint>
      <datasheet>~</datasheet>
      <libsource lib="Device" part="R" description="Resistor"/>
      <sheetpath names="/" tstamps="/"/>
      <tstamp>605B15A5</tstamp>
    </comp>
    <comp ref="C16">
      <value>1u</value>
      <footprint>Capacitor_SMD:C_0805_2012Metric</footprint>
      <datasheet>~</datasheet>
      <libsource lib="Device" part="C" description="Unpolarized capacitor"/>
      <sheetpath names="/" tstamps="/"/>
      <tstamp>605B32DB</tstamp>
    </comp>
    <comp ref="C7">
      <value>100n</value>
      <footprint>Capacitor_SMD:C_0805_2012Metric</footprint>
      <datasheet>~</datasheet>
      <libsource lib="Device" part="C" description="Unpolarized capacitor"/>
      <sheetpath names="/" tstamps="/"/>
      <tstamp>605BB36B</tstamp>
    </comp>
    <comp ref="C10">
      <value>2200p</value>
      <footprint>Capacitor_SMD:C_0805_2012Metric</footprint>
      <datasheet>~</datasheet>
      <libsource lib="Device" part="C" description="Unpolarized capacitor"/>
      <sheetpath names="/" tstamps="/"/>
      <tstamp>605BBDB0</tstamp>
    </comp>
    <comp ref="C9">
      <value>100n</value>
      <footprint>Capacitor_SMD:C_0805_2012Metric</footprint>
      <datasheet>~</datasheet>
      <libsource lib="Device" part="C" description="Unpolarized capacitor"/>
      <sheetpath names="/" tstamps="/"/>
      <tstamp>605C5CB3</tstamp>
    </comp>
    <comp ref="R2">
      <value>0</value>
      <footprint>Resistor_SMD:R_0805_2012Metric</footprint>
      <datasheet>~</datasheet>
      <libsource lib="Device" part="R" description="Resistor"/>
      <sheetpath names="/" tstamps="/"/>
      <tstamp>605C4350</tstamp>
    </comp>
    <comp ref="U1">
      <value>LM358</value>
      <footprint>Package_SO:SOP-8_3.9x4.9mm_P1.27mm</footprint>
      <datasheet>http://www.ti.com/lit/ds/symlink/lm2904-n.pdf</datasheet>
      <libsource lib="Amplifier_Operational" part="LM358" description="Low-Power, Dual Operational Amplifiers, DIP-8/SOIC-8/TO-99-8"/>
      <sheetpath names="/" tstamps="/"/>
      <tstamp>605D1A44</tstamp>
    </comp>
    <comp ref="C11">
      <value>1u</value>
      <footprint>Capacitor_SMD:C_0805_2012Metric</footprint>
      <datasheet>~</datasheet>
      <libsource lib="Device" part="C" description="Unpolarized capacitor"/>
      <sheetpath names="/" tstamps="/"/>
      <tstamp>605DC1AD</tstamp>
    </comp>
    <comp ref="R11">
      <value>68k</value>
      <footprint>Resistor_SMD:R_0805_2012Metric</footprint>
      <datasheet>~</datasheet>
      <libsource lib="Device" part="R" description="Resistor"/>
      <sheetpath names="/" tstamps="/"/>
      <tstamp>605E6CC4</tstamp>
    </comp>
    <comp ref="R8">
      <value>8k2</value>
      <footprint>Resistor_SMD:R_0805_2012Metric</footprint>
      <datasheet>~</datasheet>
      <libsource lib="Device" part="R" description="Resistor"/>
      <sheetpath names="/" tstamps="/"/>
      <tstamp>605EF84B</tstamp>
    </comp>
    <comp ref="C8">
      <value>100n</value>
      <footprint>Capacitor_SMD:C_0805_2012Metric</footprint>
      <datasheet>~</datasheet>
      <libsource lib="Device" part="C" description="Unpolarized capacitor"/>
      <sheetpath names="/" tstamps="/"/>
      <tstamp>605F05EC</tstamp>
    </comp>
    <comp ref="R5">
      <value>68k</value>
      <footprint>Resistor_SMD:R_0805_2012Metric</footprint>
      <datasheet>~</datasheet>
      <libsource lib="Device" part="R" description="Resistor"/>
      <sheetpath names="/" tstamps="/"/>
      <tstamp>605F7481</tstamp>
    </comp>
    <comp ref="R14">
      <value>470k</value>
      <footprint>Resistor_SMD:R_0805_2012Metric</footprint>
      <datasheet>~</datasheet>
      <libsource lib="Device" part="R" description="Resistor"/>
      <sheetpath names="/" tstamps="/"/>
      <tstamp>605FDE6F</tstamp>
    </comp>
    <comp ref="C13">
      <value>100n</value>
      <footprint>Capacitor_SMD:C_0805_2012Metric</footprint>
      <datasheet>~</datasheet>
      <libsource lib="Device" part="C" description="Unpolarized capacitor"/>
      <sheetpath names="/" tstamps="/"/>
      <tstamp>60603E87</tstamp>
    </comp>
    <comp ref="R13">
      <value>1k</value>
      <footprint>Resistor_SMD:R_0805_2012Metric</footprint>
      <datasheet>~</datasheet>
      <libsource lib="Device" part="R" description="Resistor"/>
      <sheetpath names="/" tstamps="/"/>
      <tstamp>60608C81</tstamp>
    </comp>
    <comp ref="C4">
      <value>100n</value>
      <footprint>Capacitor_SMD:C_0805_2012Metric</footprint>
      <datasheet>~</datasheet>
      <libsource lib="Device" part="C" description="Unpolarized capacitor"/>
      <sheetpath names="/" tstamps="/"/>
      <tstamp>6060B2C9</tstamp>
    </comp>
    <comp ref="R15">
      <value>1k8</value>
      <footprint>Resistor_SMD:R_0805_2012Metric</footprint>
      <datasheet>~</datasheet>
      <libsource lib="Device" part="R" description="Resistor"/>
      <sheetpath names="/" tstamps="/"/>
      <tstamp>6060BB5D</tstamp>
    </comp>
    <comp ref="R4">
      <value>39k</value>
      <footprint>Resistor_SMD:R_0805_2012Metric</footprint>
      <datasheet>~</datasheet>
      <libsource lib="Device" part="R" description="Resistor"/>
      <sheetpath names="/" tstamps="/"/>
      <tstamp>6060C56F</tstamp>
    </comp>
    <comp ref="D2">
      <value>IR_Receiver</value>
      <footprint>LED_THT:LED_D3.0mm</footprint>
      <datasheet>~</datasheet>
      <libsource lib="Device" part="LED" description="Light emitting diode"/>
      <sheetpath names="/" tstamps="/"/>
      <tstamp>6063222A</tstamp>
    </comp>
    <comp ref="R1">
      <value>220</value>
      <footprint>Resistor_SMD:R_0805_2012Metric</footprint>
      <datasheet>~</datasheet>
      <libsource lib="Device" part="R" description="Resistor"/>
      <sheetpath names="/" tstamps="/"/>
      <tstamp>6064A89F</tstamp>
    </comp>
    <comp ref="D1">
      <value>IR_Sender</value>
      <footprint>LED_THT:LED_D3.0mm</footprint>
      <datasheet>~</datasheet>
      <libsource lib="Device" part="LED" description="Light emitting diode"/>
      <sheetpath names="/" tstamps="/"/>
      <tstamp>6064E2D1</tstamp>
    </comp>
    <comp ref="C20">
      <value>100n</value>
      <footprint>Capacitor_SMD:C_0805_2012Metric</footprint>
      <datasheet>~</datasheet>
      <libsource lib="Device" part="C" description="Unpolarized capacitor"/>
      <sheetpath names="/" tstamps="/"/>
      <tstamp>604B4F0D</tstamp>
    </comp>
    <comp ref="C19">
      <value>1u</value>
      <footprint>Capacitor_SMD:C_0805_2012Metric</footprint>
      <datasheet>~</datasheet>
      <libsource lib="Device" part="C" description="Unpolarized capacitor"/>
      <sheetpath names="/" tstamps="/"/>
      <tstamp>604AFAA2</tstamp>
    </comp>
    <comp ref="U5">
      <value>AP1117-33</value>
      <footprint>Package_TO_SOT_SMD:SOT-223-3_TabPin2</footprint>
      <datasheet>http://www.diodes.com/datasheets/AP1117.pdf</datasheet>
      <libsource lib="Regulator_Linear" part="AP1117-33" description="1A Low Dropout regulator, positive, 3.3V fixed output, SOT-223"/>
      <sheetpath names="/" tstamps="/"/>
      <tstamp>604AE30F</tstamp>
    </comp>
    <comp ref="R9">
      <value>4k7</value>
      <footprint>Resistor_SMD:R_0805_2012Metric</footprint>
      <datasheet>~</datasheet>
      <libsource lib="Device" part="R" description="Resistor"/>
      <sheetpath names="/" tstamps="/"/>
      <tstamp>606AF7F3</tstamp>
    </comp>
    <comp ref="R10">
      <value>4k7</value>
      <footprint>Resistor_SMD:R_0805_2012Metric</footprint>
      <datasheet>~</datasheet>
      <libsource lib="Device" part="R" description="Resistor"/>
      <sheetpath names="/" tstamps="/"/>
      <tstamp>606B0009</tstamp>
    </comp>
    <comp ref="C6">
      <value>100n</value>
      <footprint>Capacitor_SMD:C_0805_2012Metric</footprint>
      <datasheet>~</datasheet>
      <libsource lib="Device" part="C" description="Unpolarized capacitor"/>
      <sheetpath names="/" tstamps="/"/>
      <tstamp>606C7D2A</tstamp>
    </comp>
    <comp ref="R7">
      <value>4k7</value>
      <footprint>Resistor_SMD:R_0805_2012Metric</footprint>
      <datasheet>~</datasheet>
      <libsource lib="Device" part="R" description="Resistor"/>
      <sheetpath names="/" tstamps="/"/>
      <tstamp>606C7D30</tstamp>
    </comp>
    <comp ref="D3">
      <value>LED</value>
      <footprint>LED_SMD:LED_0805_2012Metric</footprint>
      <datasheet>~</datasheet>
      <libsource lib="Device" part="LED" description="Light emitting diode"/>
      <sheetpath names="/" tstamps="/"/>
      <tstamp>606D7B83</tstamp>
    </comp>
    <comp ref="R18">
      <value>4k7</value>
      <footprint>Resistor_SMD:R_0805_2012Metric</footprint>
      <datasheet>~</datasheet>
      <libsource lib="Device" part="R" description="Resistor"/>
      <sheetpath names="/" tstamps="/"/>
      <tstamp>606D9F26</tstamp>
    </comp>
    <comp ref="U6">
      <value>24LC00</value>
      <footprint>Package_SO:SOP-8_3.9x4.9mm_P1.27mm</footprint>
      <datasheet>http://ww1.microchip.com/downloads/en/DeviceDoc/21178G.pdf</datasheet>
      <libsource lib="Memory_EEPROM" part="24LC00" description="I2C Serial EEPROM, 128 Bits, DIP-8/SOIC-8/TSSOP-8/DFN-8"/>
      <sheetpath names="/" tstamps="/"/>
      <tstamp>606F79FE</tstamp>
    </comp>
    <comp ref="C12">
      <value>100n</value>
      <footprint>Capacitor_SMD:C_0805_2012Metric</footprint>
      <datasheet>~</datasheet>
      <libsource lib="Device" part="C" description="Unpolarized capacitor"/>
      <sheetpath names="/" tstamps="/"/>
      <tstamp>6073CC36</tstamp>
    </comp>
    <comp ref="R12">
      <value>4k7</value>
      <footprint>Resistor_SMD:R_0805_2012Metric</footprint>
      <datasheet>~</datasheet>
      <libsource lib="Device" part="R" description="Resistor"/>
      <sheetpath names="/" tstamps="/"/>
      <tstamp>6073CC3C</tstamp>
    </comp>
    <comp ref="R24">
      <value>1k</value>
      <footprint>Resistor_SMD:R_0805_2012Metric</footprint>
      <datasheet>~</datasheet>
      <libsource lib="Device" part="R" description="Resistor"/>
      <sheetpath names="/" tstamps="/"/>
      <tstamp>60778FC8</tstamp>
    </comp>
    <comp ref="R23">
      <value>1k</value>
      <footprint>Resistor_SMD:R_0805_2012Metric</footprint>
      <datasheet>~</datasheet>
      <libsource lib="Device" part="R" description="Resistor"/>
      <sheetpath names="/" tstamps="/"/>
      <tstamp>6077DEE6</tstamp>
    </comp>
    <comp ref="LCD1">
      <value>LCD</value>
      <footprint>Connector_PinHeader_2.54mm:PinHeader_1x04_P2.54mm_Vertical</footprint>
      <datasheet>~</datasheet>
      <libsource lib="Connector_Generic" part="Conn_01x04" description="Generic connector, single row, 01x04, script generated (kicad-library-utils/schlib/autogen/connector/)"/>
      <sheetpath names="/" tstamps="/"/>
      <tstamp>6078FAB5</tstamp>
    </comp>
    <comp ref="C17">
      <value>100n</value>
      <footprint>Capacitor_SMD:C_0805_2012Metric</footprint>
      <datasheet>~</datasheet>
      <libsource lib="Device" part="C" description="Unpolarized capacitor"/>
      <sheetpath names="/" tstamps="/"/>
      <tstamp>607BE94C</tstamp>
    </comp>
    <comp ref="TOP1">
      <value>TOP</value>
      <footprint>Connector_PinHeader_2.00mm:PinHeader_1x02_P2.00mm_Vertical</footprint>
      <datasheet>~</datasheet>
      <libsource lib="Connector_Generic" part="Conn_01x02" description="Generic connector, single row, 01x02, script generated (kicad-library-utils/schlib/autogen/connector/)"/>
      <sheetpath names="/" tstamps="/"/>
      <tstamp>60819B61</tstamp>
    </comp>
    <comp ref="Q1">
      <value>BC817</value>
      <footprint>Package_TO_SOT_SMD:SOT-23</footprint>
      <datasheet>https://www.onsemi.com/pub/Collateral/BC818-D.pdf</datasheet>
      <libsource lib="Transistor_BJT" part="BC817" description="0.8A Ic, 45V Vce, NPN Transistor, SOT-23"/>
      <sheetpath names="/" tstamps="/"/>
      <tstamp>6089AD81</tstamp>
    </comp>
    <comp ref="Q2">
      <value>BC817</value>
      <footprint>Package_TO_SOT_SMD:SOT-23</footprint>
      <datasheet>https://www.onsemi.com/pub/Collateral/BC818-D.pdf</datasheet>
      <libsource lib="Transistor_BJT" part="BC817" description="0.8A Ic, 45V Vce, NPN Transistor, SOT-23"/>
      <sheetpath names="/" tstamps="/"/>
      <tstamp>608A3407</tstamp>
    </comp>
    <comp ref="SIDE1">
      <value>SW_Push</value>
      <footprint>Button_Switch_SMD:SW_SPST_B3U-3000P</footprint>
      <datasheet>~</datasheet>
      <libsource lib="Switch" part="SW_Push" description="Push button switch, generic, two pins"/>
      <sheetpath names="/" tstamps="/"/>
      <tstamp>608C7490</tstamp>
    </comp>
    <comp ref="BEEPER1">
      <value>BEEPER</value>
      <footprint>Connector_PinHeader_2.00mm:PinHeader_1x02_P2.00mm_Vertical</footprint>
      <datasheet>~</datasheet>
      <libsource lib="Connector_Generic" part="Conn_01x02" description="Generic connector, single row, 01x02, script generated (kicad-library-utils/schlib/autogen/connector/)"/>
      <sheetpath names="/" tstamps="/"/>
      <tstamp>60775899</tstamp>
    </comp>
    <comp ref="DEBUG1">
      <value>Conn_01x03</value>
      <footprint>Connector_Molex:Molex_KK-254_AE-6410-03A_1x03_P2.54mm_Vertical</footprint>
      <datasheet>~</datasheet>
      <libsource lib="Connector_Generic" part="Conn_01x03" description="Generic connector, single row, 01x03, script generated (kicad-library-utils/schlib/autogen/connector/)"/>
      <sheetpath names="/" tstamps="/"/>
      <tstamp>6090A8FD</tstamp>
    </comp>
    <comp ref="H1">
      <value>MountingHole_Pad</value>
      <footprint>MountingHole:MountingHole_3.2mm_M3_DIN965_Pad</footprint>
      <datasheet>~</datasheet>
      <libsource lib="Mechanical" part="MountingHole_Pad" description="Mounting Hole with connection"/>
      <sheetpath names="/" tstamps="/"/>
      <tstamp>6094A58F</tstamp>
    </comp>
    <comp ref="H2">
      <value>MountingHole_Pad</value>
      <footprint>MountingHole:MountingHole_3.2mm_M3</footprint>
      <datasheet>~</datasheet>
      <libsource lib="Mechanical" part="MountingHole_Pad" description="Mounting Hole with connection"/>
      <sheetpath names="/" tstamps="/"/>
      <tstamp>6094BDA8</tstamp>
    </comp>
    <comp ref="JBT1">
      <value>BT</value>
      <footprint>Connector_PinHeader_2.54mm:PinHeader_1x04_P2.54mm_Vertical</footprint>
      <datasheet>~</datasheet>
      <libsource lib="Connector_Generic" part="Conn_01x04" description="Generic connector, single row, 01x04, script generated (kicad-library-utils/schlib/autogen/connector/)"/>
      <sheetpath names="/" tstamps="/"/>
      <tstamp>6098426C</tstamp>
    </comp>
    <comp ref="H3">
      <value>MountingHole_Pad</value>
      <footprint>MountingHole:MountingHole_3.2mm_M3_DIN965_Pad</footprint>
      <datasheet>~</datasheet>
      <libsource lib="Mechanical" part="MountingHole_Pad" description="Mounting Hole with connection"/>
      <sheetpath names="/" tstamps="/"/>
      <tstamp>609BFE81</tstamp>
    </comp>
    <comp ref="R16">
      <value>1k</value>
      <footprint>Resistor_SMD:R_0805_2012Metric</footprint>
      <datasheet>~</datasheet>
      <libsource lib="Device" part="R" description="Resistor"/>
      <sheetpath names="/" tstamps="/"/>
      <tstamp>609F3234</tstamp>
    </comp>
    <comp ref="D5">
      <value>WS2812B</value>
      <footprint>LED_SMD:LED_WS2812B_PLCC4_5.0x5.0mm_P3.2mm</footprint>
      <datasheet>https://cdn-shop.adafruit.com/datasheets/WS2812B.pdf</datasheet>
      <libsource lib="LED" part="WS2812B" description="RGB LED with integrated controller"/>
      <sheetpath names="/" tstamps="/"/>
      <tstamp>609F6B13</tstamp>
    </comp>
  </components>
  <libparts>
    <libpart lib="Amplifier_Operational" part="LM2904">
      <aliases>
        <alias>LM358</alias>
        <alias>AD8620</alias>
        <alias>LMC6062</alias>
        <alias>LMC6082</alias>
        <alias>TL062</alias>
        <alias>TL072</alias>
        <alias>TL082</alias>
        <alias>NE5532</alias>
        <alias>SA5532</alias>
        <alias>RC4558</alias>
        <alias>RC4560</alias>
        <alias>RC4580</alias>
        <alias>LMV358</alias>
        <alias>TS912</alias>
        <alias>TSV912IDT</alias>
        <alias>TSV912IST</alias>
        <alias>TLC272</alias>
        <alias>TLC277</alias>
        <alias>MCP602</alias>
        <alias>OPA1678</alias>
        <alias>OPA2134</alias>
        <alias>OPA2340</alias>
        <alias>OPA2376xxD</alias>
        <alias>OPA2376xxDGK</alias>
        <alias>MC33078</alias>
        <alias>MC33178</alias>
        <alias>LM4562</alias>
        <alias>OP249</alias>
        <alias>OP275</alias>
        <alias>ADA4075-2</alias>
        <alias>MCP6002-xP</alias>
        <alias>MCP6002-xSN</alias>
        <alias>MCP6002-xMS</alias>
        <alias>LM7332</alias>
        <alias>OPA2333xxD</alias>
        <alias>OPA2333xxDGK</alias>
        <alias>LMC6482</alias>
        <alias>LT1492</alias>
        <alias>LTC6081xMS8</alias>
        <alias>LM6172</alias>
        <alias>MCP6L92</alias>
        <alias>NJM2043</alias>
        <alias>NJM2114</alias>
        <alias>NJM4556A</alias>
        <alias>NJM4558</alias>
        <alias>NJM4559</alias>
        <alias>NJM4560</alias>
        <alias>NJM4580</alias>
        <alias>NJM5532</alias>
        <alias>ADA4807-2ARM</alias>
        <alias>OPA2691</alias>
        <alias>LT6234</alias>
        <alias>OPA2356xxD</alias>
        <alias>OPA2356xxDGK</alias>
        <alias>OPA1612AxD</alias>
        <alias>MC33172</alias>
        <alias>OPA1602</alias>
        <alias>TLV2372</alias>
        <alias>LT6237</alias>
        <alias>OPA2277</alias>
        <alias>MCP6022</alias>
        <alias>MCP6V67EMS</alias>
      </aliases>
      <description>Dual Operational Amplifiers, DIP-8/SOIC-8/TSSOP-8/VSSOP-8</description>
      <docs>http://www.ti.com/lit/ds/symlink/lm358.pdf</docs>
      <footprints>
        <fp>SOIC*3.9x4.9mm*P1.27mm*</fp>
        <fp>DIP*W7.62mm*</fp>
        <fp>TO*99*</fp>
        <fp>OnSemi*Micro8*</fp>
        <fp>TSSOP*3x3mm*P0.65mm*</fp>
        <fp>TSSOP*4.4x3mm*P0.65mm*</fp>
        <fp>MSOP*3x3mm*P0.65mm*</fp>
        <fp>SSOP*3.9x4.9mm*P0.635mm*</fp>
        <fp>LFCSP*2x2mm*P0.5mm*</fp>
        <fp>*SIP*</fp>
        <fp>SOIC*5.3x6.2mm*P1.27mm*</fp>
      </footprints>
      <fields>
        <field name="Reference">U</field>
        <field name="Value">LM2904</field>
      </fields>
      <pins>
        <pin num="1" name="~" type="output"/>
        <pin num="2" name="-" type="input"/>
        <pin num="3" name="+" type="input"/>
        <pin num="4" name="V-" type="power_in"/>
        <pin num="5" name="+" type="input"/>
        <pin num="6" name="-" type="input"/>
        <pin num="7" name="~" type="output"/>
        <pin num="8" name="V+" type="power_in"/>
      </pins>
    </libpart>
    <libpart lib="Battery_Management" part="MCP73832-2-OT">
      <aliases>
        <alias>MCP73832-5-OT</alias>
        <alias>MCP73832-4-OT</alias>
        <alias>MCP73832-3-OT</alias>
        <alias>MCP73831-2-OT</alias>
        <alias>MCP73831-5-OT</alias>
        <alias>MCP73831-4-OT</alias>
        <alias>MCP73831-3-OT</alias>
      </aliases>
      <description>Single cell, Li-Ion/Li-Po charge management controller, 4.20V, Open-Drain Status Output, in SOT23-5 package</description>
      <docs>http://ww1.microchip.com/downloads/en/DeviceDoc/20001984g.pdf</docs>
      <footprints>
        <fp>SOT?23*</fp>
      </footprints>
      <fields>
        <field name="Reference">U</field>
        <field name="Value">MCP73832-2-OT</field>
        <field name="Footprint">Package_TO_SOT_SMD:SOT-23-5</field>
      </fields>
      <pins>
        <pin num="1" name="STAT" type="output"/>
        <pin num="2" name="VSS" type="power_in"/>
        <pin num="3" name="VBAT" type="power_out"/>
        <pin num="4" name="VDD" type="power_in"/>
        <pin num="5" name="PROG" type="input"/>
      </pins>
    </libpart>
    <libpart lib="Connector" part="USB_B_Micro">
      <aliases>
        <alias>USB_B_Mini</alias>
      </aliases>
      <description>USB Micro Type B connector</description>
      <docs>~</docs>
      <footprints>
        <fp>USB*</fp>
      </footprints>
      <fields>
        <field name="Reference">J</field>
        <field name="Value">USB_B_Micro</field>
      </fields>
      <pins>
        <pin num="1" name="VBUS" type="power_out"/>
        <pin num="2" name="D-" type="BiDi"/>
        <pin num="3" name="D+" type="BiDi"/>
        <pin num="4" name="ID" type="passive"/>
        <pin num="5" name="GND" type="power_out"/>
        <pin num="6" name="Shield" type="passive"/>
      </pins>
    </libpart>
    <libpart lib="Connector_Generic" part="Conn_01x02">
      <description>Generic connector, single row, 01x02, script generated (kicad-library-utils/schlib/autogen/connector/)</description>
      <docs>~</docs>
      <footprints>
        <fp>Connector*:*_1x??_*</fp>
      </footprints>
      <fields>
        <field name="Reference">J</field>
        <field name="Value">Conn_01x02</field>
      </fields>
      <pins>
        <pin num="1" name="Pin_1" type="passive"/>
        <pin num="2" name="Pin_2" type="passive"/>
      </pins>
    </libpart>
    <libpart lib="Connector_Generic" part="Conn_01x03">
      <description>Generic connector, single row, 01x03, script generated (kicad-library-utils/schlib/autogen/connector/)</description>
      <docs>~</docs>
      <footprints>
        <fp>Connector*:*_1x??_*</fp>
      </footprints>
      <fields>
        <field name="Reference">J</field>
        <field name="Value">Conn_01x03</field>
      </fields>
      <pins>
        <pin num="1" name="Pin_1" type="passive"/>
        <pin num="2" name="Pin_2" type="passive"/>
        <pin num="3" name="Pin_3" type="passive"/>
      </pins>
    </libpart>
    <libpart lib="Connector_Generic" part="Conn_01x04">
      <description>Generic connector, single row, 01x04, script generated (kicad-library-utils/schlib/autogen/connector/)</description>
      <docs>~</docs>
      <footprints>
        <fp>Connector*:*_1x??_*</fp>
      </footprints>
      <fields>
        <field name="Reference">J</field>
        <field name="Value">Conn_01x04</field>
      </fields>
      <pins>
        <pin num="1" name="Pin_1" type="passive"/>
        <pin num="2" name="Pin_2" type="passive"/>
        <pin num="3" name="Pin_3" type="passive"/>
        <pin num="4" name="Pin_4" type="passive"/>
      </pins>
    </libpart>
    <libpart lib="Device" part="C">
      <description>Unpolarized capacitor</description>
      <docs>~</docs>
      <footprints>
        <fp>C_*</fp>
      </footprints>
      <fields>
        <field name="Reference">C</field>
        <field name="Value">C</field>
      </fields>
      <pins>
        <pin num="1" name="~" type="passive"/>
        <pin num="2" name="~" type="passive"/>
      </pins>
    </libpart>
    <libpart lib="Device" part="Fuse">
      <description>Fuse</description>
      <docs>~</docs>
      <footprints>
        <fp>*Fuse*</fp>
      </footprints>
      <fields>
        <field name="Reference">F</field>
        <field name="Value">Fuse</field>
      </fields>
      <pins>
        <pin num="1" name="~" type="passive"/>
        <pin num="2" name="~" type="passive"/>
      </pins>
    </libpart>
    <libpart lib="Device" part="LED">
      <description>Light emitting diode</description>
      <docs>~</docs>
      <footprints>
        <fp>LED*</fp>
        <fp>LED_SMD:*</fp>
        <fp>LED_THT:*</fp>
      </footprints>
      <fields>
        <field name="Reference">D</field>
        <field name="Value">LED</field>
      </fields>
      <pins>
        <pin num="1" name="K" type="passive"/>
        <pin num="2" name="A" type="passive"/>
      </pins>
    </libpart>
    <libpart lib="Device" part="R">
      <description>Resistor</description>
      <docs>~</docs>
      <footprints>
        <fp>R_*</fp>
      </footprints>
      <fields>
        <field name="Reference">R</field>
        <field name="Value">R</field>
      </fields>
      <pins>
        <pin num="1" name="~" type="passive"/>
        <pin num="2" name="~" type="passive"/>
      </pins>
    </libpart>
    <libpart lib="LED" part="WS2812B">
      <description>RGB LED with integrated controller</description>
      <docs>https://cdn-shop.adafruit.com/datasheets/WS2812B.pdf</docs>
      <footprints>
        <fp>LED*WS2812*PLCC*5.0x5.0mm*P3.2mm*</fp>
      </footprints>
      <fields>
        <field name="Reference">D</field>
        <field name="Value">WS2812B</field>
        <field name="Footprint">LED_SMD:LED_WS2812B_PLCC4_5.0x5.0mm_P3.2mm</field>
      </fields>
      <pins>
        <pin num="1" name="VDD" type="power_in"/>
        <pin num="2" name="DOUT" type="output"/>
        <pin num="3" name="VSS" type="power_in"/>
        <pin num="4" name="DIN" type="input"/>
      </pins>
    </libpart>
    <libpart lib="MCU_ST_STM8" part="STM8S003F3P">
      <description>16MHz, 8K Flash, 1k RAM, 128 EEPROM, USART, I2C, SPI, TSSOP20</description>
      <docs>http://www.st.com/st-web-ui/static/active/en/resource/technical/document/datasheet/DM00024550.pdf</docs>
      <footprints>
        <fp>TSSOP*4.4x6.5mm*P0.65mm*</fp>
      </footprints>
      <fields>
        <field name="Reference">U</field>
        <field name="Value">STM8S003F3P</field>
        <field name="Footprint">Package_SO:TSSOP-20_4.4x6.5mm_P0.65mm</field>
      </fields>
      <pins>
        <pin num="1" name="PD4" type="BiDi"/>
        <pin num="2" name="PD5" type="BiDi"/>
        <pin num="3" name="PD6" type="BiDi"/>
        <pin num="4" name="NRST" type="input"/>
        <pin num="5" name="PA1" type="BiDi"/>
        <pin num="6" name="PA2" type="BiDi"/>
        <pin num="7" name="VSS" type="power_in"/>
        <pin num="8" name="VCAP" type="passive"/>
        <pin num="9" name="VDD" type="power_in"/>
        <pin num="10" name="PA3" type="BiDi"/>
        <pin num="11" name="PB5" type="BiDi"/>
        <pin num="12" name="PB4" type="BiDi"/>
        <pin num="13" name="PC3" type="BiDi"/>
        <pin num="14" name="PC4" type="BiDi"/>
        <pin num="15" name="PC5" type="BiDi"/>
        <pin num="16" name="PC6" type="BiDi"/>
        <pin num="17" name="PC7" type="BiDi"/>
        <pin num="18" name="PD1" type="BiDi"/>
        <pin num="19" name="PD2" type="BiDi"/>
        <pin num="20" name="PD3" type="BiDi"/>
      </pins>
    </libpart>
    <libpart lib="Mechanical" part="MountingHole_Pad">
      <description>Mounting Hole with connection</description>
      <docs>~</docs>
      <footprints>
        <fp>MountingHole*Pad*</fp>
      </footprints>
      <fields>
        <field name="Reference">H</field>
        <field name="Value">MountingHole_Pad</field>
      </fields>
      <pins>
        <pin num="1" name="1" type="input"/>
      </pins>
    </libpart>
    <libpart lib="Memory_EEPROM" part="24LC16">
      <aliases>
        <alias>24LC02</alias>
        <alias>24LC00</alias>
        <alias>24LC04</alias>
        <alias>24LC08</alias>
        <alias>24LC01</alias>
        <alias>24LC512</alias>
        <alias>24LC64</alias>
        <alias>24LC1025</alias>
        <alias>24LC32</alias>
        <alias>24LC256</alias>
        <alias>24LC128</alias>
        <alias>CAT24C256</alias>
        <alias>CAT24C128</alias>
      </aliases>
      <description>I2C Serial EEPROM, 16Kb, DIP-8/SOIC-8/TSSOP-8/DFN-8</description>
      <docs>http://ww1.microchip.com/downloads/en/DeviceDoc/21703d.pdf</docs>
      <footprints>
        <fp>DIP*W7.62mm*</fp>
        <fp>SOIC*3.9x4.9mm*</fp>
        <fp>TSSOP*4.4x3mm*P0.65mm*</fp>
        <fp>DFN*3x2mm*P0.5mm*</fp>
      </footprints>
      <fields>
        <field name="Reference">U</field>
        <field name="Value">24LC16</field>
      </fields>
      <pins>
        <pin num="1" name="A0" type="input"/>
        <pin num="2" name="A1" type="input"/>
        <pin num="3" name="A2" type="input"/>
        <pin num="4" name="GND" type="power_in"/>
        <pin num="5" name="SDA" type="BiDi"/>
        <pin num="6" name="SCL" type="input"/>
        <pin num="7" name="WP" type="input"/>
        <pin num="8" name="VCC" type="power_in"/>
      </pins>
    </libpart>
    <libpart lib="Regulator_Linear" part="AP1117-15">
      <aliases>
        <alias>AP1117-18</alias>
        <alias>AP1117-25</alias>
        <alias>AP1117-33</alias>
        <alias>AP1117-50</alias>
        <alias>LD1117S33TR_SOT223</alias>
        <alias>LD1117S12TR_SOT223</alias>
        <alias>LD1117S18TR_SOT223</alias>
        <alias>LD1117S25TR_SOT223</alias>
        <alias>LD1117S50TR_SOT223</alias>
        <alias>NCP1117-12_SOT223</alias>
        <alias>NCP1117-1.5_SOT223</alias>
        <alias>NCP1117-1.8_SOT223</alias>
        <alias>NCP1117-2.0_SOT223</alias>
        <alias>NCP1117-2.5_SOT223</alias>
        <alias>NCP1117-2.85_SOT223</alias>
        <alias>NCP1117-3.3_SOT223</alias>
        <alias>NCP1117-5.0_SOT223</alias>
        <alias>AMS1117-1.5</alias>
        <alias>AMS1117-1.8</alias>
        <alias>AMS1117-2.5</alias>
        <alias>AMS1117-2.85</alias>
        <alias>AMS1117-3.3</alias>
        <alias>AMS1117-5.0</alias>
      </aliases>
      <description>1A Low Dropout regulator, positive, 1.5V fixed output, SOT-223</description>
      <docs>http://www.diodes.com/datasheets/AP1117.pdf</docs>
      <footprints>
        <fp>SOT?223*TabPin2*</fp>
      </footprints>
      <fields>
        <field name="Reference">U</field>
        <field name="Value">AP1117-15</field>
        <field name="Footprint">Package_TO_SOT_SMD:SOT-223-3_TabPin2</field>
      </fields>
      <pins>
        <pin num="1" name="GND" type="power_in"/>
        <pin num="2" name="VO" type="power_out"/>
        <pin num="3" name="VI" type="power_in"/>
      </pins>
    </libpart>
    <libpart lib="Sensor_Motion" part="MPU-6050">
      <description>InvenSense 6-Axis Motion Sensor, Gyroscope, Accelerometer, I2C</description>
      <docs>https://store.invensense.com/datasheets/invensense/MPU-6050_DataSheet_V3%204.pdf</docs>
      <footprints>
        <fp>*QFN-24*4x4mm*P0.5mm*</fp>
      </footprints>
      <fields>
        <field name="Reference">U</field>
        <field name="Value">MPU-6050</field>
        <field name="Footprint">Sensor_Motion:InvenSense_QFN-24_4x4mm_P0.5mm</field>
      </fields>
      <pins>
        <pin num="1" name="CLKIN" type="input"/>
        <pin num="6" name="AUX_SDA" type="BiDi"/>
        <pin num="7" name="AUX_SCL" type="output"/>
        <pin num="8" name="VDDIO" type="power_in"/>
        <pin num="9" name="AD0" type="input"/>
        <pin num="10" name="REGOUT" type="passive"/>
        <pin num="11" name="FSYNC" type="input"/>
        <pin num="12" name="INT" type="output"/>
        <pin num="13" name="VDD" type="power_in"/>
        <pin num="18" name="GND" type="power_in"/>
        <pin num="20" name="CPOUT" type="passive"/>
        <pin num="23" name="SCL" type="input"/>
        <pin num="24" name="SDA" type="BiDi"/>
      </pins>
    </libpart>
    <libpart lib="Switch" part="SW_Push">
      <description>Push button switch, generic, two pins</description>
      <docs>~</docs>
      <fields>
        <field name="Reference">SW</field>
        <field name="Value">SW_Push</field>
      </fields>
      <pins>
        <pin num="1" name="1" type="passive"/>
        <pin num="2" name="2" type="passive"/>
      </pins>
    </libpart>
    <libpart lib="Transistor_BJT" part="BC817">
      <aliases>
        <alias>BC818</alias>
        <alias>BC846</alias>
        <alias>BC847</alias>
        <alias>BC848</alias>
        <alias>BC849</alias>
        <alias>BC850</alias>
        <alias>MMBT3904</alias>
        <alias>MMBT5550L</alias>
        <alias>MMBT5551L</alias>
      </aliases>
      <description>0.8A Ic, 45V Vce, NPN Transistor, SOT-23</description>
      <docs>https://www.onsemi.com/pub/Collateral/BC818-D.pdf</docs>
      <footprints>
        <fp>SOT?23*</fp>
      </footprints>
      <fields>
        <field name="Reference">Q</field>
        <field name="Value">BC817</field>
        <field name="Footprint">Package_TO_SOT_SMD:SOT-23</field>
      </fields>
      <pins>
        <pin num="1" name="B" type="input"/>
        <pin num="2" name="E" type="passive"/>
        <pin num="3" name="C" type="passive"/>
      </pins>
    </libpart>
  </libparts>
  <libraries>
    <library logical="Amplifier_Operational">
      <uri>/usr/share/kicad/library/Amplifier_Operational.lib</uri>
    </library>
    <library logical="Battery_Management">
      <uri>/usr/share/kicad/library/Battery_Management.lib</uri>
    </library>
    <library logical="Connector">
      <uri>/usr/share/kicad/library/Connector.lib</uri>
    </library>
    <library logical="Connector_Generic">
      <uri>/usr/share/kicad/library/Connector_Generic.lib</uri>
    </library>
    <library logical="Device">
      <uri>/usr/share/kicad/library/Device.lib</uri>
    </library>
    <library logical="LED">
      <uri>/usr/share/kicad/library/LED.lib</uri>
    </library>
    <library logical="MCU_ST_STM8">
      <uri>/usr/share/kicad/library/MCU_ST_STM8.lib</uri>
    </library>
    <library logical="Mechanical">
      <uri>/usr/share/kicad/library/Mechanical.lib</uri>
    </library>
    <library logical="Memory_EEPROM">
      <uri>/usr/share/kicad/library/Memory_EEPROM.lib</uri>
    </library>
    <library logical="Regulator_Linear">
      <uri>/usr/share/kicad/library/Regulator_Linear.lib</uri>
    </library>
    <library logical="Sensor_Motion">
      <uri>/usr/share/kicad/library/Sensor_Motion.lib</uri>
    </library>
    <library logical="Switch">
      <uri>/usr/share/kicad/library/Switch.lib</uri>
    </library>
    <library logical="Transistor_BJT">
      <uri>/usr/share/kicad/library/Transistor_BJT.lib</uri>
    </library>
  </libraries>
  <nets>
    <net code="1" name="Net-(D3-Pad1)">
      <node ref="D3" pin="1"/>
      <node ref="R18" pin="2"/>
    </net>
    <net code="2" name="+3V3">
      <node ref="R12" pin="2"/>
      <node ref="R24" pin="2"/>
      <node ref="R1" pin="2"/>
      <node ref="C1" pin="2"/>
      <node ref="R3" pin="2"/>
      <node ref="U6" pin="8"/>
      <node ref="C3" pin="2"/>
      <node ref="Q1" pin="3"/>
      <node ref="U5" pin="2"/>
      <node ref="C20" pin="1"/>
      <node ref="JBT1" pin="1"/>
      <node ref="LCD1" pin="2"/>
      <node ref="R4" pin="2"/>
      <node ref="R10" pin="2"/>
      <node ref="R6" pin="2"/>
      <node ref="R7" pin="2"/>
      <node ref="R9" pin="2"/>
      <node ref="U2" pin="8"/>
      <node ref="C9" pin="2"/>
      <node ref="U3" pin="9"/>
      <node ref="U1" pin="8"/>
      <node ref="U2" pin="13"/>
    </net>
    <net code="3" name="/TOP">
      <node ref="U3" pin="5"/>
      <node ref="C6" pin="2"/>
      <node ref="R7" pin="1"/>
      <node ref="TOP1" pin="1"/>
    </net>
    <net code="4" name="/SDA">
      <node ref="U3" pin="11"/>
      <node ref="LCD1" pin="4"/>
      <node ref="R10" pin="1"/>
      <node ref="U6" pin="5"/>
      <node ref="U2" pin="24"/>
    </net>
    <net code="5" name="/SCL">
      <node ref="LCD1" pin="3"/>
      <node ref="U2" pin="23"/>
      <node ref="U3" pin="12"/>
      <node ref="U6" pin="6"/>
      <node ref="R9" pin="1"/>
    </net>
    <net code="6" name="Net-(J2-Pad2)">
      <node ref="J2" pin="2"/>
    </net>
    <net code="7" name="Net-(J2-Pad3)">
      <node ref="J2" pin="3"/>
    </net>
    <net code="8" name="Net-(D1-Pad2)">
      <node ref="D1" pin="2"/>
      <node ref="R1" pin="1"/>
    </net>
    <net code="9" name="Net-(C4-Pad2)">
      <node ref="D2" pin="2"/>
      <node ref="C4" pin="2"/>
      <node ref="R4" pin="1"/>
    </net>
    <net code="10" name="Net-(Q1-Pad1)">
      <node ref="R15" pin="1"/>
      <node ref="Q1" pin="1"/>
    </net>
    <net code="11" name="Net-(J2-Pad4)">
      <node ref="J2" pin="4"/>
    </net>
    <net code="12" name="Net-(H2-Pad1)">
      <node ref="H2" pin="1"/>
    </net>
    <net code="13" name="/SWIM">
      <node ref="DEBUG1" pin="2"/>
      <node ref="U3" pin="18"/>
      <node ref="R6" pin="1"/>
    </net>
    <net code="14" name="/NRST">
      <node ref="U3" pin="4"/>
      <node ref="DEBUG1" pin="1"/>
      <node ref="RESET1" pin="1"/>
      <node ref="C2" pin="2"/>
      <node ref="R3" pin="1"/>
    </net>
    <net code="15" name="Net-(BEEPER1-Pad1)">
      <node ref="BEEPER1" pin="1"/>
      <node ref="Q2" pin="2"/>
    </net>
    <net code="16" name="Net-(Q2-Pad3)">
      <node ref="Q2" pin="3"/>
      <node ref="R24" pin="1"/>
    </net>
    <net code="17" name="Net-(Q2-Pad1)">
      <node ref="R23" pin="1"/>
      <node ref="Q2" pin="1"/>
    </net>
    <net code="18" name="GND">
      <node ref="J2" pin="5"/>
      <node ref="U2" pin="18"/>
      <node ref="U2" pin="11"/>
      <node ref="U6" pin="4"/>
      <node ref="C2" pin="1"/>
      <node ref="U6" pin="7"/>
      <node ref="C3" pin="1"/>
      <node ref="C1" pin="1"/>
      <node ref="R26" pin="1"/>
      <node ref="RESET1" pin="2"/>
      <node ref="BATT1" pin="2"/>
      <node ref="U3" pin="7"/>
      <node ref="C6" pin="1"/>
      <node ref="C9" pin="1"/>
      <node ref="C16" pin="1"/>
      <node ref="C10" pin="1"/>
      <node ref="U2" pin="1"/>
      <node ref="C7" pin="1"/>
      <node ref="R18" pin="1"/>
      <node ref="R2" pin="2"/>
      <node ref="R20" pin="2"/>
      <node ref="C18" pin="1"/>
      <node ref="D6" pin="1"/>
      <node ref="R8" pin="1"/>
      <node ref="R11" pin="1"/>
      <node ref="U1" pin="4"/>
      <node ref="U5" pin="1"/>
      <node ref="U4" pin="2"/>
      <node ref="R13" pin="2"/>
      <node ref="R5" pin="1"/>
      <node ref="C12" pin="1"/>
      <node ref="D5" pin="3"/>
      <node ref="C17" pin="1"/>
      <node ref="TOP1" pin="2"/>
      <node ref="SIDE1" pin="2"/>
      <node ref="LCD1" pin="1"/>
      <node ref="D2" pin="1"/>
      <node ref="R16" pin="1"/>
      <node ref="JBT1" pin="2"/>
      <node ref="H3" pin="1"/>
      <node ref="D1" pin="1"/>
      <node ref="C20" pin="2"/>
      <node ref="BEEPER1" pin="2"/>
      <node ref="C19" pin="2"/>
      <node ref="U6" pin="1"/>
      <node ref="U6" pin="3"/>
      <node ref="U6" pin="2"/>
      <node ref="DEBUG1" pin="3"/>
      <node ref="H1" pin="1"/>
    </net>
    <net code="19" name="Net-(U3-Pad6)">
      <node ref="U3" pin="6"/>
    </net>
    <net code="20" name="Net-(U3-Pad14)">
      <node ref="U3" pin="14"/>
    </net>
    <net code="21" name="Net-(U3-Pad13)">
      <node ref="U3" pin="13"/>
    </net>
    <net code="22" name="Net-(D5-Pad2)">
      <node ref="D5" pin="2"/>
    </net>
    <net code="23" name="Net-(U3-Pad15)">
      <node ref="U3" pin="15"/>
    </net>
    <net code="24" name="+BATT">
      <node ref="D5" pin="1"/>
      <node ref="U5" pin="3"/>
      <node ref="C19" pin="1"/>
      <node ref="U4" pin="3"/>
      <node ref="C17" pin="2"/>
      <node ref="F2" pin="2"/>
      <node ref="R25" pin="2"/>
      <node ref="D7" pin="2"/>
    </net>
    <net code="26" name="Net-(BATT1-Pad1)">
      <node ref="BATT1" pin="1"/>
      <node ref="F2" pin="1"/>
    </net>
    <net code="27" name="Net-(R21-Pad2)">
      <node ref="U4" pin="1"/>
      <node ref="R22" pin="2"/>
      <node ref="R21" pin="2"/>
    </net>
    <net code="28" name="/LED0">
      <node ref="D3" pin="2"/>
      <node ref="U3" pin="17"/>
    </net>
    <net code="29" name="/WS2812">
      <node ref="U3" pin="16"/>
      <node ref="R16" pin="2"/>
      <node ref="D5" pin="4"/>
    </net>
    <net code="30" name="/SIDE">
      <node ref="C12" pin="2"/>
      <node ref="R12" pin="1"/>
      <node ref="U3" pin="10"/>
      <node ref="SIDE1" pin="1"/>
    </net>
    <net code="31" name="/BEEP">
      <node ref="U3" pin="1"/>
      <node ref="R23" pin="2"/>
    </net>
    <net code="32" name="Net-(J2-Pad6)">
      <node ref="J2" pin="6"/>
    </net>
    <net code="33" name="Net-(F1-Pad2)">
      <node ref="J2" pin="1"/>
      <node ref="F1" pin="2"/>
    </net>
    <net code="34" name="Net-(R2-Pad1)">
      <node ref="R2" pin="1"/>
      <node ref="U2" pin="9"/>
    </net>
    <net code="35" name="Net-(U2-Pad7)">
      <node ref="U2" pin="7"/>
    </net>
    <net code="36" name="Net-(U2-Pad6)">
      <node ref="U2" pin="6"/>
    </net>
    <net code="37" name="Net-(U2-Pad12)">
      <node ref="U2" pin="12"/>
    </net>
    <net code="38" name="Net-(C7-Pad2)">
      <node ref="C7" pin="2"/>
      <node ref="U2" pin="10"/>
    </net>
    <net code="39" name="Net-(D7-Pad1)">
      <node ref="R22" pin="1"/>
      <node ref="D7" pin="1"/>
    </net>
    <net code="40" name="Net-(R20-Pad1)">
      <node ref="R20" pin="1"/>
      <node ref="U4" pin="5"/>
    </net>
    <net code="41" name="+5V">
      <node ref="F1" pin="1"/>
      <node ref="U4" pin="4"/>
      <node ref="C18" pin="2"/>
    </net>
    <net code="42" name="/IR">
      <node ref="Q1" pin="2"/>
      <node ref="U3" pin="19"/>
    </net>
    <net code="43" name="Net-(D6-Pad2)">
      <node ref="R21" pin="1"/>
      <node ref="D6" pin="2"/>
    </net>
    <net code="44" name="Net-(C8-Pad2)">
      <node ref="R8" pin="2"/>
      <node ref="U1" pin="2"/>
      <node ref="C8" pin="2"/>
    </net>
    <net code="45" name="Net-(C11-Pad2)">
      <node ref="C11" pin="2"/>
      <node ref="C8" pin="1"/>
      <node ref="U1" pin="1"/>
    </net>
    <net code="46" name="Net-(C11-Pad1)">
      <node ref="R11" pin="2"/>
      <node ref="U1" pin="5"/>
      <node ref="C11" pin="1"/>
    </net>
    <net code="47" name="Net-(C4-Pad1)">
      <node ref="R5" pin="2"/>
      <node ref="C4" pin="1"/>
      <node ref="U1" pin="3"/>
    </net>
    <net code="48" name="Net-(C13-Pad2)">
      <node ref="C13" pin="2"/>
      <node ref="R14" pin="2"/>
      <node ref="U1" pin="6"/>
      <node ref="R13" pin="1"/>
    </net>
    <net code="49" name="Net-(C13-Pad1)">
      <node ref="R15" pin="2"/>
      <node ref="U1" pin="7"/>
      <node ref="R14" pin="1"/>
      <node ref="C13" pin="1"/>
    </net>
    <net code="50" name="Net-(C16-Pad2)">
      <node ref="U3" pin="8"/>
      <node ref="C16" pin="2"/>
    </net>
    <net code="51" name="/RX">
      <node ref="U3" pin="3"/>
      <node ref="JBT1" pin="3"/>
    </net>
    <net code="52" name="/BATT">
      <node ref="U3" pin="20"/>
      <node ref="R26" pin="2"/>
      <node ref="R25" pin="1"/>
    </net>
    <net code="53" name="/TX">
      <node ref="JBT1" pin="4"/>
      <node ref="U3" pin="2"/>
    </net>
    <net code="54" name="Net-(C10-Pad2)">
      <node ref="C10" pin="2"/>
      <node ref="U2" pin="20"/>
    </net>
  </nets>
</export>
